{
    "mean_q_error": 35.17576038370304,
    "median_q_error": 1.691585898399353,
    "max_q_error": 54058.640625,
    "ratio_under_10": 0.9220130618517096
}