{
    "mean_q_error": 51877234538.45191,
    "median_q_error": 101.15632629394531,
    "max_q_error": 66333504962560.0,
    "ratio_under_10": 0.27276219746446406
}