{
    "mean_q_error": 14.944496921470794,
    "median_q_error": 1.8414373397827148,
    "max_q_error": 14508.9208984375,
    "ratio_under_10": 0.9273914713791779
}